Model,Cosine,Levenshtein,Jaro-Winkler,Samples
Base,0.11492683962485876,0.02461445974482772,0.526963051655371,72
Few-Shot,0.1083829246642245,0.01868564934838082,0.5247691158513069,72
