Model,Cosine,Levenshtein,Jaro-Winkler,Samples
Base,0.15955632102581974,0.02682699757923262,0.519459651360106,66
Few-Shot,0.15335126927897422,0.020673014546219833,0.5172463014208109,66
