Model,Cosine,Levenshtein,Jaro-Winkler,Samples
Base,0.05601933742753646,0.022919470435165266,0.5275031318962553,59
Few-Shot,0.04784514000541406,0.017274501769088377,0.5255803951595374,59
