Model,Cosine,Levenshtein,Jaro-Winkler,Samples
Base,0.0868187649738157,0.02433772742008397,0.5459567162285012,37
Few-Shot,0.08033521333500125,0.01845551708496129,0.5442607677946275,37
