Model,Cosine,Levenshtein,Jaro-Winkler,Samples
Base,0.10688876002355147,0.08450368635656527,0.49921483759488783,41
Few-Shot,0.10893144369485769,0.018054868792377516,0.5138253041956394,41
