Model,Cosine,Levenshtein,Jaro-Winkler,Samples
Base,0.0975728766530435,0.02601113712642328,0.5247356615039949,59
Few-Shot,0.09003427830225509,0.019815490369966424,0.5223711971269365,59
