Model,Cosine,Levenshtein,Jaro-Winkler,Samples
Base,0.1139249625830374,0.02760750025825091,0.5201276257653104,73
Few-Shot,0.10745758091637132,0.02120687726916791,0.5187631747572932,73
