Model,Cosine,Levenshtein,Jaro-Winkler,Samples
Base,0.1028726519257116,0.026566760261766954,0.5358695209171929,42
Few-Shot,0.09493140873766481,0.02024656049674436,0.5348730018005741,42
