Model,Cosine,Levenshtein,Jaro-Winkler,Samples
Base,0.091886220016234,0.026505778246415906,0.5339067815197223,80
Few-Shot,0.08424470839111373,0.020244667583421288,0.5318625296788113,80
