Model,Cosine,Levenshtein,Jaro-Winkler,Samples
Base,0.10553645690035207,0.024498889102857014,0.5245853915196884,80
Few-Shot,0.09822228903218351,0.01875052137468154,0.5229480921994272,80
