Model,Cosine,Levenshtein,Jaro-Winkler,Samples
Base,0.15159649601357636,0.09778228323297516,0.5116693095432475,47
Few-Shot,0.11271683753855315,0.020937165818331223,0.5260275205730578,47
