Model,Cosine,Levenshtein,Jaro-Winkler,Samples
Base,0.15317773027209364,0.10322691475262527,0.4926196531344426,46
Few-Shot,0.11879020628869001,0.02105425381910838,0.5181243672863944,46
