Model,Cosine,Levenshtein,Jaro-Winkler,Samples
Base,0.09614282463994889,0.02700105670500565,0.5298529850345878,48
Few-Shot,0.08905621437776577,0.020572832082382052,0.5281721161958052,48
