Model,Cosine,Levenshtein,Jaro-Winkler,Samples
Base,0.15282360202485842,0.09479023684362543,0.49829052260360146,68
Few-Shot,0.11863632389423934,0.02010419354939509,0.5214623739903083,68
