Model,Cosine,Levenshtein,Jaro-Winkler,Samples
Base,0.05751230773230599,0.021571376208437618,0.5228229388777733,32
Few-Shot,0.05059474447861473,0.01646313845061782,0.5209773900037376,32
